app_id,app,category,description,auth_status,auth_methods,self_serve_status,credential_access_status,api_available,api_types,api_breadth,mcp_status,buildability_verdict,source_mode,research_tool,research_timestamp,query_count,source_count,attempt_count,research_status,verification_status,quality_gate_status,evidence_count
1,Salesforce,CRM and Sales,"Cloud CRM and business platform with sales, service, marketing, commerce, and data products.",CONFIRMED,OAuth 2.0; Bearer/token,SELF_SERVE_WITH_RESTRICTIONS,RESTRICTED,YES,REST,BROAD,AVAILABLE,BUILDABLE_WITH_CONSTRAINTS,PRIOR_CAPTURE,Arena web_search + fetch_page,2026-09-24T15:12:08Z,2,5,,COMPLETE,NOT_CHECKED,PASS,8
2,HubSpot,CRM and Sales,"Customer relationship platform and CRM for contact management, deals, sales activity, pipeline management, and related customer data.",CONFIRMED,OAuth 2.0; Bearer/token,SELF_SERVE_WITH_RESTRICTIONS,RESTRICTED,YES,REST; Webhooks,BROAD,AVAILABLE,BUILDABLE_WITH_CONSTRAINTS,PRIOR_CAPTURE,Arena web_search + fetch_page,2026-09-24T15:40:35Z,3,4,,COMPLETE,NOT_CHECKED,PASS,7
3,Pipedrive,CRM and Sales,"Sales CRM for managing leads, deals, contacts, sales pipelines, and related sales activity.",CONFIRMED,API key; OAuth 2.0; Bearer/token,SELF_SERVE_WITH_RESTRICTIONS,RESTRICTED,YES,REST; SDK; Webhooks,BROAD,UNKNOWN,BUILDABLE_WITH_CONSTRAINTS,PRIOR_CAPTURE,Arena web_search + fetch_page,2026-09-24T15:40:35Z,4,6,,COMPLETE,NOT_CHECKED,WARN,7
4,Attio,CRM and Sales,"Customizable, data-driven CRM with developer APIs and workspace-level record, object, list, and activity management.",CONFIRMED,OAuth 2.0; API key; Bearer/token,ADMIN_APPROVAL_REQUIRED,RESTRICTED,YES,REST; SDK; Webhooks,BROAD,AVAILABLE,BUILDABLE_WITH_CONSTRAINTS,PRIOR_CAPTURE,Arena web_search + fetch_page,2026-09-24T15:40:35Z,3,5,,COMPLETE,NOT_CHECKED,WARN,7
5,Twenty,CRM and Sales,"Open-source CRM with managed cloud and self-hosted deployments, custom objects, and extensible data/workflow features.",CONFIRMED,API key; OAuth 2.0; Bearer/token,SELF_SERVE_WITH_RESTRICTIONS,RESTRICTED,YES,REST; GraphQL; Webhooks,BROAD,AVAILABLE,BUILDABLE_WITH_CONSTRAINTS,PRIOR_CAPTURE,Arena web_search + fetch_page,2026-09-24T15:40:35Z,3,3,,COMPLETE,NOT_CHECKED,WARN,7
6,Podio,CRM and Sales,"Flexible work-management platform for customizable team workspaces, workflows, collaboration, and lead/project tracking.",CONFIRMED,OAuth 2.0,SELF_SERVE_WITH_RESTRICTIONS,SELF_SERVE,YES,REST; SDK; Webhooks,BROAD,UNKNOWN,BUILDABLE_WITH_CONSTRAINTS,PRIOR_CAPTURE,Arena web_search + fetch_page,2026-09-24T15:40:35Z,3,5,,COMPLETE,NOT_CHECKED,WARN,7
7,Zoho CRM,CRM and Sales,"Cloud CRM for managing leads, contacts, accounts, deals, and sales workflows, with API and AI-agent tooling.",CONFIRMED,OAuth 2.0; Bearer/token,SELF_SERVE_WITH_RESTRICTIONS,RESTRICTED,YES,REST; SDK; Webhooks,BROAD,AVAILABLE,BUILDABLE_WITH_CONSTRAINTS,PRIOR_CAPTURE,Arena web_search + fetch_page,2026-09-24T15:40:35Z,4,6,,COMPLETE,NOT_CHECKED,PASS,7
8,Close,CRM and Sales,"Sales CRM for leads, contacts, opportunities, calling, email, SMS, sales activity, and pipeline workflows.",CONFIRMED,API key; Basic; OAuth 2.0; Bearer/token,SELF_SERVE_WITH_RESTRICTIONS,RESTRICTED,YES,REST; Webhooks,BROAD,AVAILABLE,BUILDABLE_WITH_CONSTRAINTS,PRIOR_CAPTURE,Arena web_search + fetch_page,2026-09-24T15:40:35Z,3,6,,COMPLETE,NOT_CHECKED,PASS,7
9,Copper,CRM and Sales,"Google Workspace-oriented CRM for contacts, sales leads, opportunities, pipelines, tasks, and client/project work.",CONFIRMED,API key; OAuth 2.0; Bearer/token,SELF_SERVE_WITH_RESTRICTIONS,RESTRICTED,YES,REST,MODERATE,UNKNOWN,BUILDABLE_WITH_CONSTRAINTS,PRIOR_CAPTURE,Arena web_search + fetch_page,2026-09-24T15:40:35Z,4,6,,COMPLETE,NOT_CHECKED,WARN,8
10,DealCloud,CRM and Sales,"Deal and relationship intelligence platform for professional firms, including pipeline, contact, firm, and investment/deal management.",CONFIRMED,OAuth 2.0; API key; Bearer/token,ADMIN_APPROVAL_REQUIRED,GATED,YES,REST,BROAD,AVAILABLE,BUILDABLE_WITH_CONSTRAINTS,PRIOR_CAPTURE,Arena web_search + fetch_page,2026-09-24T15:40:35Z,4,6,,COMPLETE,NOT_CHECKED,PASS,7
11,Zendesk,Support and Helpdesk,"Customer-service platform with Support ticketing for tickets, users, organizations, custom objects, and ticket workflows.",CONFIRMED,OAuth 2.0; Bearer/token; API key; Basic,SELF_SERVE_WITH_RESTRICTIONS,RESTRICTED,YES,REST,BROAD,UNKNOWN,BUILDABLE_WITH_CONSTRAINTS,PRIOR_CAPTURE,Arena web_search + fetch_page,2026-09-24T16:13:14Z,3,3,,COMPLETE,NOT_CHECKED,PASS,7
12,Intercom,Support and Helpdesk,"Customer-service platform for support conversations, messaging, shared inboxes, tickets, and customer data, with Fin AI features.",CONFIRMED,OAuth 2.0; Bearer/token,SELF_SERVE_WITH_RESTRICTIONS,RESTRICTED,YES,REST,MODERATE,AVAILABLE,BUILDABLE_WITH_CONSTRAINTS,PRIOR_CAPTURE,Arena web_search + fetch_page,2026-09-24T16:13:14Z,3,4,,COMPLETE,NOT_CHECKED,PASS,7
13,Freshdesk,Support and Helpdesk,"Customer-support helpdesk for ticketing, shared inboxes, customer portals, knowledge bases, and agent workflows.",CONFIRMED,API key; Basic,PAID_PLAN_REQUIRED,RESTRICTED,YES,REST,BROAD,AVAILABLE,BUILDABLE_WITH_CONSTRAINTS,PRIOR_CAPTURE,Arena web_search + fetch_page,2026-09-24T16:13:14Z,3,5,,COMPLETE,NOT_CHECKED,PASS,7
14,Front,Support and Helpdesk,"Customer-operations platform with a shared inbox and APIs for syncing, retrieving, creating, updating, and deleting conversations and related resources.",CONFIRMED,API key; Bearer/token; OAuth 2.0,SELF_SERVE_WITH_RESTRICTIONS,SELF_SERVE,YES,REST; Webhooks,BROAD,AVAILABLE,BUILDABLE_WITH_CONSTRAINTS,PRIOR_CAPTURE,Arena web_search + fetch_page,2026-09-24T16:13:14Z,3,4,,COMPLETE,NOT_CHECKED,PASS,7
15,Pylon,Support and Helpdesk,"B2B customer-support platform with programmatic access to customer accounts, issues, contacts, messages, and related support data.",CONFIRMED,API key; Bearer/token; OAuth 2.0,UNKNOWN,RESTRICTED,YES,REST; Webhooks,BROAD,AVAILABLE,BUILDABLE_WITH_CONSTRAINTS,PRIOR_CAPTURE,Arena web_search + fetch_page,2026-09-24T16:13:14Z,4,5,,COMPLETE,NOT_CHECKED,WARN,7
16,LiveAgent,Support and Helpdesk,"Helpdesk and customer-support suite with ticketing, live chat, knowledge base, automation, and call-center features.",CONFIRMED,API key; Bearer/token; OAuth 2.0,SELF_SERVE_WITH_RESTRICTIONS,RESTRICTED,YES,REST,BROAD,AVAILABLE,BUILDABLE_WITH_CONSTRAINTS,PRIOR_CAPTURE,Arena web_search + fetch_page,2026-09-24T16:13:14Z,3,3,,COMPLETE,NOT_CHECKED,WARN,7
17,Plain,Support and Helpdesk,"Support platform for customer-service teams with thread, customer, tenant, and workflow data exposed through GraphQL and agent tooling.",CONFIRMED,API key; Bearer/token; OAuth 2.0,SELF_SERVE_WITH_RESTRICTIONS,RESTRICTED,YES,GraphQL,BROAD,AVAILABLE,BUILDABLE_WITH_CONSTRAINTS,PRIOR_CAPTURE,Arena web_search + fetch_page,2026-09-24T16:13:14Z,3,4,,COMPLETE,NOT_CHECKED,PASS,7
18,Help Scout,Support and Helpdesk,"Customer-support platform with a shared inbox, conversations, customer records, knowledge bases, workflows, and reporting.",CONFIRMED,OAuth 2.0; Bearer/token; API key,PAID_PLAN_REQUIRED,RESTRICTED,YES,REST,BROAD,AVAILABLE,BUILDABLE_WITH_CONSTRAINTS,PRIOR_CAPTURE,Arena web_search + fetch_page,2026-09-24T16:13:14Z,3,4,,COMPLETE,NOT_CHECKED,PASS,7
19,Gorgias,Support and Helpdesk,"Customer-support helpdesk for ecommerce teams, with ticketing and an AI Agent available alongside the support inbox.",CONFIRMED,API key; Basic; OAuth 2.0,SELF_SERVE_WITH_RESTRICTIONS,RESTRICTED,YES,REST,MODERATE,AVAILABLE,BUILDABLE_WITH_CONSTRAINTS,PRIOR_CAPTURE,Arena web_search + fetch_page,2026-09-24T16:13:14Z,3,5,,COMPLETE,NOT_CHECKED,PASS,8
20,Gladly,Support and Helpdesk,"Customer-service platform with a REST API for customer profiles, conversations, messages, tasks, answers, reports, and related support workflows.",CONFIRMED,API key; Basic,ADMIN_APPROVAL_REQUIRED,RESTRICTED,YES,REST; Webhooks,BROAD,UNKNOWN,BUILDABLE_WITH_CONSTRAINTS,PRIOR_CAPTURE,Arena web_search + fetch_page,2026-09-24T16:13:14Z,4,4,,COMPLETE,NOT_CHECKED,WARN,9
21,Slack,Communications and Messaging,Unknown,UNKNOWN,,UNKNOWN,UNKNOWN,UNKNOWN,,UNKNOWN,UNKNOWN,UNKNOWN,NOT_RUN,not run; live provider credentials unavailable,2026-09-24T17:42:41Z,0,0,0,FAILED,NOT_CHECKED,PASS,0
22,Twilio,Communications and Messaging,"Cloud communications platform with APIs for messaging, voice, and email.",CONFIRMED,API key; Basic,SELF_SERVE_WITH_RESTRICTIONS,RESTRICTED,YES,REST; SDK; Webhooks; CLI,BROAD,AVAILABLE,BUILDABLE_WITH_CONSTRAINTS,PRIOR_CAPTURE,Arena web_search + fetch_page,2026-09-24T15:12:08Z,3,3,,COMPLETE,NOT_CHECKED,WARN,9
23,Zoho Cliq,Communications and Messaging,Unknown,UNKNOWN,,UNKNOWN,UNKNOWN,UNKNOWN,,UNKNOWN,UNKNOWN,UNKNOWN,NOT_RUN,not run; live provider credentials unavailable,2026-09-24T17:42:41Z,0,0,0,FAILED,NOT_CHECKED,PASS,0
24,Lark (Larksuite),Communications and Messaging,Unknown,UNKNOWN,,UNKNOWN,UNKNOWN,UNKNOWN,,UNKNOWN,UNKNOWN,UNKNOWN,NOT_RUN,not run; live provider credentials unavailable,2026-09-24T17:42:41Z,0,0,0,FAILED,NOT_CHECKED,PASS,0
25,Pumble,Communications and Messaging,Unknown,UNKNOWN,,UNKNOWN,UNKNOWN,UNKNOWN,,UNKNOWN,UNKNOWN,UNKNOWN,NOT_RUN,not run; live provider credentials unavailable,2026-09-24T17:42:41Z,0,0,0,FAILED,NOT_CHECKED,PASS,0
26,Discord,Communications and Messaging,Unknown,UNKNOWN,,UNKNOWN,UNKNOWN,UNKNOWN,,UNKNOWN,UNKNOWN,UNKNOWN,NOT_RUN,not run; live provider credentials unavailable,2026-09-24T17:42:41Z,0,0,0,FAILED,NOT_CHECKED,PASS,0
27,Telegram,Communications and Messaging,Unknown,UNKNOWN,,UNKNOWN,UNKNOWN,UNKNOWN,,UNKNOWN,UNKNOWN,UNKNOWN,NOT_RUN,not run; live provider credentials unavailable,2026-09-24T17:42:41Z,0,0,0,FAILED,NOT_CHECKED,PASS,0
28,WhatsApp Business,Communications and Messaging,Unknown,UNKNOWN,,UNKNOWN,UNKNOWN,UNKNOWN,,UNKNOWN,UNKNOWN,UNKNOWN,NOT_RUN,not run; live provider credentials unavailable,2026-09-24T17:42:41Z,0,0,0,FAILED,NOT_CHECKED,PASS,0
29,Aircall,Communications and Messaging,Unknown,UNKNOWN,,UNKNOWN,UNKNOWN,UNKNOWN,,UNKNOWN,UNKNOWN,UNKNOWN,NOT_RUN,not run; live provider credentials unavailable,2026-09-24T17:42:41Z,0,0,0,FAILED,NOT_CHECKED,PASS,0
30,Vonage,Communications and Messaging,Unknown,UNKNOWN,,UNKNOWN,UNKNOWN,UNKNOWN,,UNKNOWN,UNKNOWN,UNKNOWN,NOT_RUN,not run; live provider credentials unavailable,2026-09-24T17:42:41Z,0,0,0,FAILED,NOT_CHECKED,PASS,0
31,Google Ads,"Marketing, Ads, Email and Social",Unknown,UNKNOWN,,UNKNOWN,UNKNOWN,UNKNOWN,,UNKNOWN,UNKNOWN,UNKNOWN,NOT_RUN,not run; live provider credentials unavailable,2026-09-24T17:42:41Z,0,0,0,FAILED,NOT_CHECKED,PASS,0
32,Meta Ads,"Marketing, Ads, Email and Social",Unknown,UNKNOWN,,UNKNOWN,UNKNOWN,UNKNOWN,,UNKNOWN,UNKNOWN,UNKNOWN,NOT_RUN,not run; live provider credentials unavailable,2026-09-24T17:42:41Z,0,0,0,FAILED,NOT_CHECKED,PASS,0
33,LinkedIn Ads,"Marketing, Ads, Email and Social",Unknown,UNKNOWN,,UNKNOWN,UNKNOWN,UNKNOWN,,UNKNOWN,UNKNOWN,UNKNOWN,NOT_RUN,not run; live provider credentials unavailable,2026-09-24T17:42:41Z,0,0,0,FAILED,NOT_CHECKED,PASS,0
34,GoHighLevel,"Marketing, Ads, Email and Social",Unknown,UNKNOWN,,UNKNOWN,UNKNOWN,UNKNOWN,,UNKNOWN,UNKNOWN,UNKNOWN,NOT_RUN,not run; live provider credentials unavailable,2026-09-24T17:42:41Z,0,0,0,FAILED,NOT_CHECKED,PASS,0
35,Mailchimp,"Marketing, Ads, Email and Social",Unknown,UNKNOWN,,UNKNOWN,UNKNOWN,UNKNOWN,,UNKNOWN,UNKNOWN,UNKNOWN,NOT_RUN,not run; live provider credentials unavailable,2026-09-24T17:42:41Z,0,0,0,FAILED,NOT_CHECKED,PASS,0
36,Klaviyo,"Marketing, Ads, Email and Social",Unknown,UNKNOWN,,UNKNOWN,UNKNOWN,UNKNOWN,,UNKNOWN,UNKNOWN,UNKNOWN,NOT_RUN,not run; live provider credentials unavailable,2026-09-24T17:42:41Z,0,0,0,FAILED,NOT_CHECKED,PASS,0
37,systeme.io,"Marketing, Ads, Email and Social",Unknown,UNKNOWN,,UNKNOWN,UNKNOWN,UNKNOWN,,UNKNOWN,UNKNOWN,UNKNOWN,NOT_RUN,not run; live provider credentials unavailable,2026-09-24T17:42:41Z,0,0,0,FAILED,NOT_CHECKED,PASS,0
38,Pinterest,"Marketing, Ads, Email and Social",Unknown,UNKNOWN,,UNKNOWN,UNKNOWN,UNKNOWN,,UNKNOWN,UNKNOWN,UNKNOWN,NOT_RUN,not run; live provider credentials unavailable,2026-09-24T17:42:41Z,0,0,0,FAILED,NOT_CHECKED,PASS,0
39,Threads (Meta),"Marketing, Ads, Email and Social",Unknown,UNKNOWN,,UNKNOWN,UNKNOWN,UNKNOWN,,UNKNOWN,UNKNOWN,UNKNOWN,NOT_RUN,not run; live provider credentials unavailable,2026-09-24T17:42:41Z,0,0,0,FAILED,NOT_CHECKED,PASS,0
40,SendGrid,"Marketing, Ads, Email and Social",Unknown,UNKNOWN,,UNKNOWN,UNKNOWN,UNKNOWN,,UNKNOWN,UNKNOWN,UNKNOWN,NOT_RUN,not run; live provider credentials unavailable,2026-09-24T17:42:41Z,0,0,0,FAILED,NOT_CHECKED,PASS,0
41,Shopify,Ecommerce,Unknown,UNKNOWN,,UNKNOWN,UNKNOWN,UNKNOWN,,UNKNOWN,UNKNOWN,UNKNOWN,NOT_RUN,not run; live provider credentials unavailable,2026-09-24T17:42:41Z,0,0,0,FAILED,NOT_CHECKED,PASS,0
42,WooCommerce,Ecommerce,Unknown,UNKNOWN,,UNKNOWN,UNKNOWN,UNKNOWN,,UNKNOWN,UNKNOWN,UNKNOWN,NOT_RUN,not run; live provider credentials unavailable,2026-09-24T17:42:41Z,0,0,0,FAILED,NOT_CHECKED,PASS,0
43,BigCommerce,Ecommerce,Unknown,UNKNOWN,,UNKNOWN,UNKNOWN,UNKNOWN,,UNKNOWN,UNKNOWN,UNKNOWN,NOT_RUN,not run; live provider credentials unavailable,2026-09-24T17:42:41Z,0,0,0,FAILED,NOT_CHECKED,PASS,0
44,Salesforce Commerce Cloud,Ecommerce,Unknown,UNKNOWN,,UNKNOWN,UNKNOWN,UNKNOWN,,UNKNOWN,UNKNOWN,UNKNOWN,NOT_RUN,not run; live provider credentials unavailable,2026-09-24T17:42:41Z,0,0,0,FAILED,NOT_CHECKED,PASS,0
45,Magento (Adobe Commerce),Ecommerce,Unknown,UNKNOWN,,UNKNOWN,UNKNOWN,UNKNOWN,,UNKNOWN,UNKNOWN,UNKNOWN,NOT_RUN,not run; live provider credentials unavailable,2026-09-24T17:42:41Z,0,0,0,FAILED,NOT_CHECKED,PASS,0
46,Squarespace,Ecommerce,Unknown,UNKNOWN,,UNKNOWN,UNKNOWN,UNKNOWN,,UNKNOWN,UNKNOWN,UNKNOWN,NOT_RUN,not run; live provider credentials unavailable,2026-09-24T17:42:41Z,0,0,0,FAILED,NOT_CHECKED,PASS,0
47,Ecwid,Ecommerce,Unknown,UNKNOWN,,UNKNOWN,UNKNOWN,UNKNOWN,,UNKNOWN,UNKNOWN,UNKNOWN,NOT_RUN,not run; live provider credentials unavailable,2026-09-24T17:42:41Z,0,0,0,FAILED,NOT_CHECKED,PASS,0
48,Gumroad,Ecommerce,Unknown,UNKNOWN,,UNKNOWN,UNKNOWN,UNKNOWN,,UNKNOWN,UNKNOWN,UNKNOWN,NOT_RUN,not run; live provider credentials unavailable,2026-09-24T17:42:41Z,0,0,0,FAILED,NOT_CHECKED,PASS,0
49,Amazon Selling Partner,Ecommerce,"REST-based seller/vendor APIs for catalog, listings, pricing, orders, fulfillment, inventory, reporting and related selling operations.",CONFIRMED,OAuth 2.0; Bearer/token,PARTNER_OR_CONTACT_SALES,GATED,YES,REST; GraphQL,BROAD,UNKNOWN,OUTREACH_REQUIRED,PRIOR_CAPTURE,Arena web_search + fetch_page,2026-09-24T15:12:08Z,3,4,,PARTIAL,NOT_CHECKED,PASS,7
50,fanbasis,Ecommerce,Unknown,UNKNOWN,,UNKNOWN,UNKNOWN,UNKNOWN,,UNKNOWN,UNKNOWN,UNKNOWN,NOT_RUN,not run; live provider credentials unavailable,2026-09-24T17:42:41Z,0,0,0,FAILED,NOT_CHECKED,PASS,0
51,DataForSEO,"Data, SEO and Scraping",Unknown,UNKNOWN,,UNKNOWN,UNKNOWN,UNKNOWN,,UNKNOWN,UNKNOWN,UNKNOWN,NOT_RUN,not run; live provider credentials unavailable,2026-09-24T17:42:41Z,0,0,0,FAILED,NOT_CHECKED,PASS,0
52,SE Ranking,"Data, SEO and Scraping",Unknown,UNKNOWN,,UNKNOWN,UNKNOWN,UNKNOWN,,UNKNOWN,UNKNOWN,UNKNOWN,NOT_RUN,not run; live provider credentials unavailable,2026-09-24T17:42:41Z,0,0,0,FAILED,NOT_CHECKED,PASS,0
53,Ahrefs,"Data, SEO and Scraping",Unknown,UNKNOWN,,UNKNOWN,UNKNOWN,UNKNOWN,,UNKNOWN,UNKNOWN,UNKNOWN,NOT_RUN,not run; live provider credentials unavailable,2026-09-24T17:42:41Z,0,0,0,FAILED,NOT_CHECKED,PASS,0
54,MrScraper,"Data, SEO and Scraping",Unknown,UNKNOWN,,UNKNOWN,UNKNOWN,UNKNOWN,,UNKNOWN,UNKNOWN,UNKNOWN,NOT_RUN,not run; live provider credentials unavailable,2026-09-24T17:42:41Z,0,0,0,FAILED,NOT_CHECKED,PASS,0
55,Apify,"Data, SEO and Scraping",Unknown,UNKNOWN,,UNKNOWN,UNKNOWN,UNKNOWN,,UNKNOWN,UNKNOWN,UNKNOWN,NOT_RUN,not run; live provider credentials unavailable,2026-09-24T17:42:41Z,0,0,0,FAILED,NOT_CHECKED,PASS,0
56,Firecrawl,"Data, SEO and Scraping",Unknown,UNKNOWN,,UNKNOWN,UNKNOWN,UNKNOWN,,UNKNOWN,UNKNOWN,UNKNOWN,NOT_RUN,not run; live provider credentials unavailable,2026-09-24T17:42:41Z,0,0,0,FAILED,NOT_CHECKED,PASS,0
57,Bright Data,"Data, SEO and Scraping",Unknown,UNKNOWN,,UNKNOWN,UNKNOWN,UNKNOWN,,UNKNOWN,UNKNOWN,UNKNOWN,NOT_RUN,not run; live provider credentials unavailable,2026-09-24T17:42:41Z,0,0,0,FAILED,NOT_CHECKED,PASS,0
58,Sherlock,"Data, SEO and Scraping",Unknown,UNKNOWN,,UNKNOWN,UNKNOWN,UNKNOWN,,UNKNOWN,UNKNOWN,UNKNOWN,NOT_RUN,not run; live provider credentials unavailable,2026-09-24T17:42:41Z,0,0,0,FAILED,NOT_CHECKED,PASS,0
59,Waterfall.io,"Data, SEO and Scraping",Unknown,UNKNOWN,,UNKNOWN,UNKNOWN,UNKNOWN,,UNKNOWN,UNKNOWN,UNKNOWN,NOT_RUN,not run; live provider credentials unavailable,2026-09-24T17:42:41Z,0,0,0,FAILED,NOT_CHECKED,PASS,0
60,Clay,"Data, SEO and Scraping",Unknown,UNKNOWN,,UNKNOWN,UNKNOWN,UNKNOWN,,UNKNOWN,UNKNOWN,UNKNOWN,NOT_RUN,not run; live provider credentials unavailable,2026-09-24T17:42:41Z,0,0,0,FAILED,NOT_CHECKED,PASS,0
61,GitHub,"Developer, Infra and Data platforms","Developer platform for building, scaling, and delivering software with code hosting and collaboration workflows.",CONFIRMED,OAuth 2.0; Bearer/token,SELF_SERVE_WITH_RESTRICTIONS,RESTRICTED,YES,REST,BROAD,AVAILABLE,BUILDABLE_WITH_CONSTRAINTS,PRIOR_CAPTURE,Arena web_search + fetch_page,2026-09-24T15:12:08Z,2,4,,COMPLETE,NOT_CHECKED,WARN,8
62,Vercel,"Developer, Infra and Data platforms",Unknown,UNKNOWN,,UNKNOWN,UNKNOWN,UNKNOWN,,UNKNOWN,UNKNOWN,UNKNOWN,NOT_RUN,not run; live provider credentials unavailable,2026-09-24T17:42:41Z,0,0,0,FAILED,NOT_CHECKED,PASS,0
63,Netlify,"Developer, Infra and Data platforms",Unknown,UNKNOWN,,UNKNOWN,UNKNOWN,UNKNOWN,,UNKNOWN,UNKNOWN,UNKNOWN,NOT_RUN,not run; live provider credentials unavailable,2026-09-24T17:42:41Z,0,0,0,FAILED,NOT_CHECKED,PASS,0
64,Cloudflare,"Developer, Infra and Data platforms",Unknown,UNKNOWN,,UNKNOWN,UNKNOWN,UNKNOWN,,UNKNOWN,UNKNOWN,UNKNOWN,NOT_RUN,not run; live provider credentials unavailable,2026-09-24T17:42:41Z,0,0,0,FAILED,NOT_CHECKED,PASS,0
65,Supabase,"Developer, Infra and Data platforms",Unknown,UNKNOWN,,UNKNOWN,UNKNOWN,UNKNOWN,,UNKNOWN,UNKNOWN,UNKNOWN,NOT_RUN,not run; live provider credentials unavailable,2026-09-24T17:42:41Z,0,0,0,FAILED,NOT_CHECKED,PASS,0
66,Neo4j,"Developer, Infra and Data platforms",Unknown,UNKNOWN,,UNKNOWN,UNKNOWN,UNKNOWN,,UNKNOWN,UNKNOWN,UNKNOWN,NOT_RUN,not run; live provider credentials unavailable,2026-09-24T17:42:41Z,0,0,0,FAILED,NOT_CHECKED,PASS,0
67,Snowflake,"Developer, Infra and Data platforms",Unknown,UNKNOWN,,UNKNOWN,UNKNOWN,UNKNOWN,,UNKNOWN,UNKNOWN,UNKNOWN,NOT_RUN,not run; live provider credentials unavailable,2026-09-24T17:42:41Z,0,0,0,FAILED,NOT_CHECKED,PASS,0
68,MongoDB Atlas,"Developer, Infra and Data platforms",Unknown,UNKNOWN,,UNKNOWN,UNKNOWN,UNKNOWN,,UNKNOWN,UNKNOWN,UNKNOWN,NOT_RUN,not run; live provider credentials unavailable,2026-09-24T17:42:41Z,0,0,0,FAILED,NOT_CHECKED,PASS,0
69,Datadog,"Developer, Infra and Data platforms",Unknown,UNKNOWN,,UNKNOWN,UNKNOWN,UNKNOWN,,UNKNOWN,UNKNOWN,UNKNOWN,NOT_RUN,not run; live provider credentials unavailable,2026-09-24T17:42:41Z,0,0,0,FAILED,NOT_CHECKED,PASS,0
70,Sentry,"Developer, Infra and Data platforms",Unknown,UNKNOWN,,UNKNOWN,UNKNOWN,UNKNOWN,,UNKNOWN,UNKNOWN,UNKNOWN,NOT_RUN,not run; live provider credentials unavailable,2026-09-24T17:42:41Z,0,0,0,FAILED,NOT_CHECKED,PASS,0
71,Notion,Productivity and Project Management,Unknown,UNKNOWN,,UNKNOWN,UNKNOWN,UNKNOWN,,UNKNOWN,UNKNOWN,UNKNOWN,NOT_RUN,not run; live provider credentials unavailable,2026-09-24T17:42:41Z,0,0,0,FAILED,NOT_CHECKED,PASS,0
72,Airtable,Productivity and Project Management,Unknown,UNKNOWN,,UNKNOWN,UNKNOWN,UNKNOWN,,UNKNOWN,UNKNOWN,UNKNOWN,NOT_RUN,not run; live provider credentials unavailable,2026-09-24T17:42:41Z,0,0,0,FAILED,NOT_CHECKED,PASS,0
73,Linear,Productivity and Project Management,Unknown,UNKNOWN,,UNKNOWN,UNKNOWN,UNKNOWN,,UNKNOWN,UNKNOWN,UNKNOWN,NOT_RUN,not run; live provider credentials unavailable,2026-09-24T17:42:41Z,0,0,0,FAILED,NOT_CHECKED,PASS,0
74,Jira,Productivity and Project Management,Unknown,UNKNOWN,,UNKNOWN,UNKNOWN,UNKNOWN,,UNKNOWN,UNKNOWN,UNKNOWN,NOT_RUN,not run; live provider credentials unavailable,2026-09-24T17:42:41Z,0,0,0,FAILED,NOT_CHECKED,PASS,0
75,Asana,Productivity and Project Management,Unknown,UNKNOWN,,UNKNOWN,UNKNOWN,UNKNOWN,,UNKNOWN,UNKNOWN,UNKNOWN,NOT_RUN,not run; live provider credentials unavailable,2026-09-24T17:42:41Z,0,0,0,FAILED,NOT_CHECKED,PASS,0
76,Monday.com,Productivity and Project Management,Unknown,UNKNOWN,,UNKNOWN,UNKNOWN,UNKNOWN,,UNKNOWN,UNKNOWN,UNKNOWN,NOT_RUN,not run; live provider credentials unavailable,2026-09-24T17:42:41Z,0,0,0,FAILED,NOT_CHECKED,PASS,0
77,ClickUp,Productivity and Project Management,Unknown,UNKNOWN,,UNKNOWN,UNKNOWN,UNKNOWN,,UNKNOWN,UNKNOWN,UNKNOWN,NOT_RUN,not run; live provider credentials unavailable,2026-09-24T17:42:41Z,0,0,0,FAILED,NOT_CHECKED,PASS,0
78,Coda,Productivity and Project Management,Unknown,UNKNOWN,,UNKNOWN,UNKNOWN,UNKNOWN,,UNKNOWN,UNKNOWN,UNKNOWN,NOT_RUN,not run; live provider credentials unavailable,2026-09-24T17:42:41Z,0,0,0,FAILED,NOT_CHECKED,PASS,0
79,Smartsheet,Productivity and Project Management,Unknown,UNKNOWN,,UNKNOWN,UNKNOWN,UNKNOWN,,UNKNOWN,UNKNOWN,UNKNOWN,NOT_RUN,not run; live provider credentials unavailable,2026-09-24T17:42:41Z,0,0,0,FAILED,NOT_CHECKED,PASS,0
80,Harvest,Productivity and Project Management,Unknown,UNKNOWN,,UNKNOWN,UNKNOWN,UNKNOWN,,UNKNOWN,UNKNOWN,UNKNOWN,NOT_RUN,not run; live provider credentials unavailable,2026-09-24T17:42:41Z,0,0,0,FAILED,NOT_CHECKED,PASS,0
81,Stripe,Finance and Fintech,Unknown,UNKNOWN,,UNKNOWN,UNKNOWN,UNKNOWN,,UNKNOWN,UNKNOWN,UNKNOWN,NOT_RUN,not run; live provider credentials unavailable,2026-09-24T17:42:41Z,0,0,0,FAILED,NOT_CHECKED,PASS,0
82,Plaid,Finance and Fintech,Unknown,UNKNOWN,,UNKNOWN,UNKNOWN,UNKNOWN,,UNKNOWN,UNKNOWN,UNKNOWN,NOT_RUN,not run; live provider credentials unavailable,2026-09-24T17:42:41Z,0,0,0,FAILED,NOT_CHECKED,PASS,0
83,Binance,Finance and Fintech,Unknown,UNKNOWN,,UNKNOWN,UNKNOWN,UNKNOWN,,UNKNOWN,UNKNOWN,UNKNOWN,NOT_RUN,not run; live provider credentials unavailable,2026-09-24T17:42:41Z,0,0,0,FAILED,NOT_CHECKED,PASS,0
84,Paygent Connect,Finance and Fintech,Unknown,UNKNOWN,,UNKNOWN,UNKNOWN,UNKNOWN,,UNKNOWN,UNKNOWN,UNKNOWN,NOT_RUN,not run; live provider credentials unavailable,2026-09-24T17:42:41Z,0,0,0,FAILED,NOT_CHECKED,PASS,0
85,iPayX,Finance and Fintech,Unknown,UNKNOWN,,UNKNOWN,UNKNOWN,UNKNOWN,,UNKNOWN,UNKNOWN,UNKNOWN,NOT_RUN,not run; live provider credentials unavailable,2026-09-24T17:42:41Z,0,0,0,FAILED,NOT_CHECKED,PASS,0
86,QuickBooks,Finance and Fintech,Unknown,UNKNOWN,,UNKNOWN,UNKNOWN,UNKNOWN,,UNKNOWN,UNKNOWN,UNKNOWN,NOT_RUN,not run; live provider credentials unavailable,2026-09-24T17:42:41Z,0,0,0,FAILED,NOT_CHECKED,PASS,0
87,Xero,Finance and Fintech,Unknown,UNKNOWN,,UNKNOWN,UNKNOWN,UNKNOWN,,UNKNOWN,UNKNOWN,UNKNOWN,NOT_RUN,not run; live provider credentials unavailable,2026-09-24T17:42:41Z,0,0,0,FAILED,NOT_CHECKED,PASS,0
88,Brex,Finance and Fintech,Unknown,UNKNOWN,,UNKNOWN,UNKNOWN,UNKNOWN,,UNKNOWN,UNKNOWN,UNKNOWN,NOT_RUN,not run; live provider credentials unavailable,2026-09-24T17:42:41Z,0,0,0,FAILED,NOT_CHECKED,PASS,0
89,Ramp,Finance and Fintech,Unknown,UNKNOWN,,UNKNOWN,UNKNOWN,UNKNOWN,,UNKNOWN,UNKNOWN,UNKNOWN,NOT_RUN,not run; live provider credentials unavailable,2026-09-24T17:42:41Z,0,0,0,FAILED,NOT_CHECKED,PASS,0
90,PitchBook,Finance and Fintech,Unknown,UNKNOWN,,UNKNOWN,UNKNOWN,UNKNOWN,,UNKNOWN,UNKNOWN,UNKNOWN,NOT_RUN,not run; live provider credentials unavailable,2026-09-24T17:42:41Z,0,0,0,FAILED,NOT_CHECKED,PASS,0
91,NotebookLM,"AI, Research and Media-native",Unknown,UNKNOWN,,UNKNOWN,UNKNOWN,UNKNOWN,,UNKNOWN,UNKNOWN,UNKNOWN,NOT_RUN,not run; live provider credentials unavailable,2026-09-24T17:42:41Z,0,0,0,FAILED,NOT_CHECKED,PASS,0
92,Otter AI,"AI, Research and Media-native","AI meeting notetaker that transcribes meetings and turns conversations into searchable summaries, insights and action items.",CONFIRMED,API key; Bearer/token; OAuth 2.0,ENTERPRISE_ONLY,GATED,YES,REST; Webhooks,MODERATE,AVAILABLE,BUILDABLE_WITH_CONSTRAINTS,PRIOR_CAPTURE,Arena web_search + fetch_page,2026-09-24T15:12:08Z,2,3,,COMPLETE,NOT_CHECKED,WARN,7
93,Fathom,"AI, Research and Media-native",Unknown,UNKNOWN,,UNKNOWN,UNKNOWN,UNKNOWN,,UNKNOWN,UNKNOWN,UNKNOWN,NOT_RUN,not run; live provider credentials unavailable,2026-09-24T17:42:41Z,0,0,0,FAILED,NOT_CHECKED,PASS,0
94,Consensus,"AI, Research and Media-native",Unknown,UNKNOWN,,UNKNOWN,UNKNOWN,UNKNOWN,,UNKNOWN,UNKNOWN,UNKNOWN,NOT_RUN,not run; live provider credentials unavailable,2026-09-24T17:42:41Z,0,0,0,FAILED,NOT_CHECKED,PASS,0
95,Reducto,"AI, Research and Media-native",Unknown,UNKNOWN,,UNKNOWN,UNKNOWN,UNKNOWN,,UNKNOWN,UNKNOWN,UNKNOWN,NOT_RUN,not run; live provider credentials unavailable,2026-09-24T17:42:41Z,0,0,0,FAILED,NOT_CHECKED,PASS,0
96,Devin,"AI, Research and Media-native",Unknown,UNKNOWN,,UNKNOWN,UNKNOWN,UNKNOWN,,UNKNOWN,UNKNOWN,UNKNOWN,NOT_RUN,not run; live provider credentials unavailable,2026-09-24T17:42:41Z,0,0,0,FAILED,NOT_CHECKED,PASS,0
97,higgsfield,"AI, Research and Media-native",Unknown,UNKNOWN,,UNKNOWN,UNKNOWN,UNKNOWN,,UNKNOWN,UNKNOWN,UNKNOWN,NOT_RUN,not run; live provider credentials unavailable,2026-09-24T17:42:41Z,0,0,0,FAILED,NOT_CHECKED,PASS,0
98,Mermaid CLI,"AI, Research and Media-native",Unknown,UNKNOWN,,UNKNOWN,UNKNOWN,UNKNOWN,,UNKNOWN,UNKNOWN,UNKNOWN,NOT_RUN,not run; live provider credentials unavailable,2026-09-24T17:42:41Z,0,0,0,FAILED,NOT_CHECKED,PASS,0
99,YouTube Transcript,"AI, Research and Media-native",Unknown,UNKNOWN,,UNKNOWN,UNKNOWN,UNKNOWN,,UNKNOWN,UNKNOWN,UNKNOWN,NOT_RUN,not run; live provider credentials unavailable,2026-09-24T17:42:41Z,0,0,0,FAILED,NOT_CHECKED,PASS,0
100,Grain,"AI, Research and Media-native",Unknown,UNKNOWN,,UNKNOWN,UNKNOWN,UNKNOWN,,UNKNOWN,UNKNOWN,UNKNOWN,NOT_RUN,not run; live provider credentials unavailable,2026-09-24T17:42:41Z,0,0,0,FAILED,NOT_CHECKED,PASS,0
