category,manifest_count,prior_capture_count,live_agent_count,not_run_count,captured_complete_or_partial_count,selected_sample_count,fully_adjudicated_sample_count,captured_api_yes_count,captured_mcp_available_count,captured_mcp_unknown_count,selected_easy_win_count,selected_outreach_count,selected_needs_review_count
CRM and Sales,10,10,0,0,10,3,2,10,7,3,0,0,1
Support and Helpdesk,10,10,0,0,10,1,1,10,8,2,0,1,0
Communications and Messaging,10,1,9,0,10,3,1,10,6,4,0,0,2
"Marketing, Ads, Email and Social",10,0,10,0,10,1,1,10,6,4,0,0,0
Ecommerce,10,1,9,0,10,2,2,10,7,3,0,1,0
"Data, SEO and Scraping",10,0,10,0,10,1,1,10,7,3,0,0,0
"Developer, Infra and Data platforms",10,1,9,0,10,3,3,10,10,0,0,0,0
Productivity and Project Management,10,0,10,0,10,1,1,10,10,0,0,0,0
Finance and Fintech,10,0,10,0,10,2,1,9,9,1,0,0,1
"AI, Research and Media-native",10,1,9,0,10,3,2,10,8,1,0,0,1
